"","baseMean","log2FoldChange","lfcSE","stat","pvalue","padj"
"YDR033W",526.109394517564,3.59813243531048,0.0928952916912061,38.7332056318964,0,0
"YDR077W",4179.92901149241,3.77752034201114,0.0313871515672373,120.352442110555,0,0
"YDR345C",3777.27067551678,1.01048048157509,0.0214132352248095,47.1895288575703,0,0
"YOR153W",954.798507161321,2.49574619795024,0.0578354893519098,43.1525042135367,0,0
"YGL008C",3291.41129231876,1.05316155349949,0.0233962423243432,45.0141325645144,0,0
"YGR192C",26889.525396131,1.12763283255898,0.00743447516041143,151.676185369968,0,0
"YLL026W",1172.62834268491,1.88999651819683,0.048407147205693,39.0437492663181,0,0
"YLR058C",816.880593995117,3.14260778180948,0.0693264900386858,45.3305479630633,0,0
"YPL061W",2424.58531014806,1.4910913256667,0.0296200271470628,50.3406468286967,0,0
"YML123C",901.703635217256,5.05539898317969,0.102427987352045,49.3556411081697,0,0
"YMR120C",530.148365325121,3.69701140372594,0.0951142086653981,38.8691811202639,0,0
"YBR196C",2783.6673450039,1.03336885100123,0.0264317272612019,39.0957745889755,0,0
"YJL052W",1582.09390513418,1.44746821516495,0.0385289337620374,37.5683434196442,0,0
"YHR092C",1359.18683066128,2.472223141404,0.0475761372177975,51.9635112469613,0,0
"YHR174W",16864.0715593928,1.52625787967532,0.00972227187232466,156.985723061289,0,0
"YCL030C",698.35893429972,2.78023124422693,0.0700530362592605,39.6875195236011,0,0
"YFR015C",994.5883991806,3.29438168989657,0.0640396129331119,51.4428732312528,0,0
"YFR053C",1419.8151036345,1.98980327421861,0.0434084748283835,45.8390506021082,0,0
"YAL038W",3253.04608794442,1.67489901567199,0.0247081337256236,67.7873543291954,0,0
"YJR104C",2484.65759042954,1.04392112545545,0.0285470595637475,36.568429162531,9.08571590656903e-293,1.93839049358423e-290
"YGR234W",415.907549628499,4.36501043655563,0.124363385440672,35.0988389475611,7.02136663280115e-270,1.40132888248841e-267
"YLR258W",675.390437796371,2.35753240666205,0.0679519686697307,34.6941001536018,9.6695497697638e-264,1.81289407350087e-261
"YBR067C",502.612598335088,2.68493188760602,0.0809745742683436,33.1577153923448,4.3841164326153e-241,7.53459121349747e-239
"YPR145W",916.253908039873,1.76961828938042,0.0558053720139087,31.7105365580103,1.11207060353717e-220,1.81062653265381e-218
"YKR080W",346.982476728993,3.65883594269117,0.116499715828571,31.4063937123687,1.65497013302317e-216,2.62546159308061e-214
"YPR160W",432.842006405799,2.6622549175434,0.0866705548260056,30.7169479056408,3.38044369569092e-207,5.22870128630993e-205
"YER081W",594.358270569821,-2.94638179539562,0.098984681914216,-29.7660379203832,1.07542549586858e-194,1.58420417689022e-192
"YLR327C",520.828934242877,2.27740091468468,0.076840503386553,29.6380270080743,4.83855296236345e-193,6.96189004142852e-191
"YOL109W",390.450231970092,2.71673880142777,0.0923955368007881,29.4033553513009,4.9751783925578e-190,6.99577925335344e-188
"YNL208W",1597.55883462765,1.0936151290315,0.0377467820411485,28.9724069150936,1.46543604654517e-184,1.97101148260326e-182
"YOL155C",346.681487012972,2.79710075654626,0.0987642114702998,28.3209951753363,1.90590097020094e-176,2.40649169441494e-174
"YGL234W",672.100160222828,1.86955585698187,0.0660200203863452,28.3180139303402,2.07401686030138e-176,2.56638846293692e-174
"YDR342C",309.221743004401,3.16606491482071,0.11195109172991,28.2807864210835,5.95550286864791e-176,7.22484240163227e-174
"YMR122W-A",1409.97038112267,1.12992909750757,0.0414789013266805,27.2410565701451,2.12108753652856e-163,2.43021640527819e-161
"YEL040W",647.251769309427,1.80360689620407,0.0664480448765171,27.1431145875816,3.0531773652831e-162,3.43454697436483e-160
"YOR128C",394.406224198494,2.36085384620344,0.087619159579231,26.9444931626923,6.61815082661729e-160,7.31187485076449e-158
"YPR149W",420.681777242749,2.25246335143007,0.0838659788842827,26.8578913809375,6.82186237230589e-159,7.40471271885203e-157
"YMR008C",373.984288669232,2.38999217696565,0.0894074043020615,26.7314792955078,2.02757224119865e-157,2.12620160276204e-155
"YCL025C",346.616682630508,2.51689313874069,0.0957505845174829,26.28592975619,2.77767798102492e-152,2.81729404403298e-150
"YMR105C",703.14968534966,1.60457767444415,0.06119480512359,26.2208151689268,1.53876605486322e-151,1.53553960990947e-149
"YLR355C",1228.20832582639,1.1890818068957,0.0454367759604964,26.1700303720824,5.83131852196648e-151,5.72672503101692e-149
"YIL169C",242.469257183161,3.54401716348716,0.135692679226056,26.1179688079048,2.27900993772121e-150,2.20316163823142e-148
"YAL061W",285.068873865663,2.70275005461935,0.107370162822648,25.1722637236167,8.0637317124033e-140,7.559137591612e-138
"YLR359W",641.288080753762,1.66040499533096,0.0664844147877948,24.974349261111,1.16167124731136e-137,1.07272537419633e-135
"YAL005C",809.292563113077,1.35844183234822,0.0567646110496663,23.9311396172458,1.45250491226317e-126,1.28380684173889e-124
"YAR015W",368.253048759804,2.07345215087139,0.0872304011641153,23.7698339478044,6.85283812259707e-125,5.8080149951381e-123
"YER011W",187.260036270054,4.21439386969809,0.177362277254041,23.7615006693994,8.35665498719896e-125,6.98684113591892e-123
"YOL158C",320.517968280456,2.25307158524716,0.095651331020264,23.5550468688182,1.11442560931612e-122,9.19326832645178e-121
"YLR413W",331.314599691369,2.17298127721826,0.0923216659765082,23.5370674286921,1.70309111742277e-122,1.38645062414404e-120
"YOL016C",554.253990639175,1.68815405370202,0.0717859109936713,23.5165094422337,2.76482954329183e-122,2.22155849147358e-120
"YDL022W",580.265056211656,1.63128955924685,0.069413498061881,23.5010423735248,3.97985905394234e-122,3.15684461112067e-120
"YGR061C",680.226289783988,1.49884871900825,0.0650377422874232,23.045829487505,1.61959684578611e-117,1.23709205986156e-115
"YKL182W",1018.32336605366,1.16381942527525,0.0506639494996552,22.9713521501748,9.01617928268122e-117,6.80281722218887e-115
"YJL158C",1089.47372548237,1.10117836937002,0.0479788515121652,22.9513282344995,1.42915062887544e-116,1.06531987239185e-114
"YDL229W",650.389043343679,1.45157622314878,0.0635380576263088,22.8457758606038,1.60975805756013e-115,1.18566346453863e-113
"YBR296C",174.269053401094,3.95516462008077,0.174597602538186,22.6530293806053,1.30241625716041e-113,9.4800580977076e-112
"YER056C",373.420961528916,1.8837590209649,0.08453877941305,22.2827799743949,5.42820785466654e-110,3.90515372056069e-108
"YLR180W",687.809160842223,1.36230780058731,0.0616752483897621,22.0884039570961,4.0857774519936e-108,2.87258012448686e-106
"YPL019C",283.594725098606,2.18132470099649,0.100328141268577,21.7419028541267,8.24104997086589e-105,5.60300837030189e-103
"YAL003W",1116.72980771171,1.03519351969617,0.0476626616806047,21.7191714267485,1.35195334429909e-104,9.09188624041139e-103
"YLR194C",614.746807120227,1.41482147341603,0.0654344501854743,21.6219662487529,1.116192751872e-103,7.42568231809897e-102
"YNL160W",207.176067724472,2.76125534126571,0.128932339500879,21.416313020884,9.41529027463697e-102,6.13183167675568e-100
"YHR183W",996.376167118011,1.05295156059494,0.0511098934958417,20.6017169783499,2.64883352097955e-94,1.6895188653918e-92
"YLR300W",685.308838249995,1.29999553564915,0.0632172478611742,20.5639375270489,5.77509208766164e-94,3.64596885166965e-92
"YDR055W",255.957187478887,2.15310349077295,0.104904771223503,20.5243619109153,1.30464874015805e-93,8.1533957124827e-92
"YHL021C",345.29413749746,1.79082901984455,0.0875442371427113,20.4562753448317,5.28227300227785e-93,3.26814230650931e-91
"YER072W",428.684082238975,1.55254906942562,0.0777497457264736,19.9685420822795,1.0342845121695e-88,6.27364536940463e-87
"YDR019C",147.099528346391,3.1847177166923,0.159781102542507,19.9317545442838,2.1586036538982e-88,1.28416161602578e-86
"YMR300C",229.547621746242,2.20567218608868,0.11105781366835,19.8605763361724,8.92801956806015e-88,5.2607292445322e-86
"YJL012C",381.403742912629,1.65903007162531,0.0859343051280516,19.3057949226816,4.80108531688416e-83,2.77610419210862e-81
"YDL039C",153.990590363521,2.7616114783947,0.144661317590489,19.0901861284876,3.04681926800464e-81,1.72941934047199e-79
"YJR148W",312.932282220172,1.73970917959021,0.0913931229403372,19.0354495351463,8.67449996168446e-81,4.83505687053529e-79
"YGR008C",479.115302762167,1.40742074840115,0.0744948876043277,18.8928501493489,1.30600364644152e-79,7.15065890312718e-78
"YER055C",500.059458919001,1.42097394893107,0.0756851910945252,18.7747950210812,1.21415636677717e-78,6.58946091337749e-77
"YBR092C",147.112847592667,2.77918695293915,0.149013247662454,18.6506031949226,1.24860644220791e-77,6.65959315339685e-76
"YHL047C",254.06546057477,1.98648515311634,0.107361720122626,18.5027321735104,1.96267515486326e-76,1.03786933189222e-74
"YOR230W",618.026312847029,1.1826674501595,0.0646594687527832,18.2907078108122,9.81325747366882e-75,5.14530711776178e-73
"YDR524W-C",358.68402195737,-1.83479732638097,0.100340767974488,-18.2856615852041,1.0764943509196e-74,5.59686600768029e-73
"YIL121W",131.899969791417,2.99684624724138,0.164711914689068,18.1944715590164,5.70870253886969e-74,2.9433118839989e-72
"YOR273C",271.292357061115,1.74573031430009,0.0975302810590921,17.8993672051696,1.19269384367733e-71,5.99934700067613e-70
"YKL062W",188.883444994785,2.13482143465054,0.120761137736419,17.6780500305499,6.19003225395636e-70,3.03950234565302e-68
"YGR159C",511.876816083201,1.25400891463197,0.071210643162836,17.6098523891219,2.06984109422646e-69,1.00047709765462e-67
"YDR406W",224.759529271923,1.91554346480468,0.108913580579867,17.5877374943154,3.05847359029395e-69,1.46688186846114e-67
"YHR143W",590.618198070326,1.16591504166947,0.0665058009512254,17.531027744851,8.30546006533804e-69,3.95276010955742e-67
"YDL182W",265.403270938479,1.68466475406314,0.0994063911842735,16.9472478981781,2.01675845981593e-64,9.31170491856801e-63
"YCR005C",254.730613133838,-2.10920713540415,0.126222368249773,-16.7102484658693,1.10374679620691e-62,4.9484648029943e-61
"YAL044C",217.926102897221,1.89227038429553,0.114411250771669,16.5391984750865,1.91554104135953e-61,8.52622476467007e-60
"YDR399W",207.888092908205,1.88259559160187,0.11494744168624,16.3778816125425,2.75160802455952e-60,1.17408267916895e-58
"YLR056W",519.441560739488,1.14578102661988,0.0701537474026995,16.3324279748424,5.80282878713831e-60,2.44231984394726e-58
"YDR044W",265.405843669993,1.59771370399823,0.098096083657468,16.2872323178276,1.21609454808569e-59,5.08376822230146e-58
"YFR055W",168.713062159933,2.09648567862346,0.128858611662731,16.2696590594249,1.62057562425053e-59,6.72919556190471e-58
"YER073W",596.955356747692,1.16620003524785,0.07169584356841,16.2659364504875,1.72213912334937e-59,7.10324983744169e-58
"YBR218C",557.148679587258,1.08772634337584,0.0670978068105321,16.2110565915711,4.21263376592208e-59,1.72606391455364e-57
"YNL217W",214.123738130976,1.80578201768339,0.112470854640757,16.0555552231842,5.2269086661682e-58,2.12755815247254e-56
"YPR036W-A",741.797333332995,-1.01592863036973,0.0633747943174419,-16.0304840640742,7.82706779096542e-58,3.16510251128778e-56
"YCR021C",109.792059742563,2.72044138722476,0.169789813135509,16.0224063916813,8.91329962486528e-58,3.58094706357412e-56
"YEL071W",542.417619671286,-1.19228021856514,0.0746606211227981,-15.9693316320545,2.09013550806826e-57,8.28953101821686e-56
"YPL163C",212.183503119656,1.72162294608815,0.109255101952656,15.7578265483126,6.06843320640031e-56,2.34658726549992e-54
"YOL143C",455.029392139522,1.17323196467844,0.0748240146031236,15.6798852734836,2.0762889594212e-55,7.97888185834717e-54
"YER053C",240.535685843269,1.6091910400628,0.102715858269588,15.6664323033676,2.56583555286448e-55,9.79927442319294e-54
"YMR251W-A",527.500766794332,1.08613053143594,0.0697084753749793,15.5810398318623,9.79483588997706e-55,3.71783126695019e-53
"YBR093C",153.097910743054,2.05574936429036,0.132130197953255,15.5585127104527,1.39298314642465e-54,5.25511385788373e-53
"YNL327W",400.476722035695,1.24509623445174,0.0808467287241872,15.400700239826,1.61906532478858e-53,6.07100434210116e-52
"YER150W",164.097484483258,1.96399603286876,0.128232836006946,15.3158589798511,5.99150774760794e-53,2.21972804996708e-51
"YMR189W",131.979223976571,2.19929408009338,0.143903191211568,15.283150162111,9.90353545955436e-53,3.64721273144422e-51
"YNL134C",235.411809563913,1.56119083715894,0.103046824684637,15.1503051349402,7.54156512186386e-52,2.72863528707437e-50
"YHR136C",74.5473132762042,4.44913557386819,0.296341605113088,15.013536732955,5.98684916827288e-51,2.10458157977865e-49
"YDR011W",291.724448266432,1.36028193890807,0.0925910506417394,14.6912895952696,7.33052936578293e-49,2.53374218916754e-47
"YKL109W",202.283875198947,1.67731521766643,0.11536118376609,14.5396845187321,6.79048757282729e-48,2.30839267104849e-46
"YJL078C",395.869205243443,1.13336191727563,0.0789426147772112,14.3567820811885,9.66098471121995e-47,3.24850610914771e-45
"YLR264W",178.07427478571,1.732229193387,0.121600268199247,14.2452744474928,4.79659874679302e-46,1.59551378744131e-44
"YCL064C",406.927886476366,1.08663232503107,0.0774933521813005,14.0222650646061,1.13919832047986e-44,3.72921693587774e-43
"YGR055W",290.719045401595,1.2981673044994,0.0933228517983668,13.910497584281,5.4697595646531e-44,1.77180117416276e-42
"YLR438W",95.1510159193427,2.46592821082521,0.178149067543694,13.8419372316973,1.42318704031093e-43,4.56230995772212e-42
"YDR277C",192.667335043046,1.5795853763247,0.11535886297289,13.6927959899874,1.12110797363077e-42,3.57540981074928e-41
"YEL046C",454.655775844208,1.00362777662659,0.0733441423819777,13.6838163762237,1.26855993146867e-42,4.02491297230597e-41
"YDL124W",411.781903404305,1.06883827470783,0.0788497646209017,13.5553768593559,7.36330050338459e-42,2.26650448828062e-40
"YOR197W",353.969561391311,1.10464736769486,0.0824714353774084,13.394302677524,6.52863324154346e-41,1.98978590470096e-39
"YKL029C",166.582053376649,1.65576344216532,0.123694425342191,13.3859180604525,7.30886464920544e-41,2.21666399924677e-39
"YNR050C",241.836242498035,1.34804031364402,0.101216661934081,13.3183636753595,1.81031840267264e-40,5.38482690256519e-39
"YHR025W",390.546131829778,1.07032697236958,0.0804363283581587,13.3065120476874,2.12157193436744e-40,6.28046198944084e-39
"YNL300W",119.680925863243,1.93533927644246,0.146369545227734,13.2222811339018,6.52544724550501e-40,1.89544329145256e-38
"YKR058W",223.18897172526,1.36513985146823,0.104095757775917,13.1142697900036,2.72797064008737e-39,7.88689455617783e-38
"YER001W",96.9116212585844,2.22433499099748,0.17035399222911,13.05713451086,5.78651318889661e-39,1.66517009766062e-37
"YMR006C",179.302473628079,1.53022338897812,0.117410216090166,13.0331366378116,7.92802537448843e-39,2.27086541629444e-37
"YGR032W",328.504668798396,1.13267128668169,0.0870895002740028,13.0058305894287,1.13360501162869e-38,3.23208027969895e-37
"YDR481C",340.75350741035,1.09788397978578,0.0854889624152957,12.8424061863377,9.48789877380133e-38,2.64421755466256e-36
"YDR502C",348.537676206564,1.07604005909713,0.0844548864308988,12.7410041570247,3.49862520872363e-37,9.66339025284512e-36
"YKL096W",411.110840152453,1.00356794964274,0.0788785616226376,12.7229494174082,4.40898146680451e-37,1.20169023502729e-35
"YIL094C",286.682638452519,1.16462572592247,0.0919278687125385,12.6689081584638,8.79297421100486e-37,2.37563892766319e-35
"YHR216W",230.165498701491,1.26743643567863,0.102133148120417,12.4096481798866,2.31668510933407e-35,6.09928968997867e-34
"YNL220W",323.441644523318,1.05972617366671,0.0861108121533565,12.3065402260917,8.35276556049431e-35,2.17136808919236e-33
"YER124C",96.8566169213246,1.91187248195121,0.160660687747709,11.9000640962865,1.18256291441291e-32,2.9621525309606e-31
"YMR195W",145.526942691971,1.53112745942524,0.129976218222291,11.7800585396833,4.94587119757169e-32,1.22400420397504e-30
"YBR145W",323.892425614758,1.03409747853592,0.0880020157274901,11.7508385459958,6.99215182065581e-32,1.72352363802381e-30
"YIR035C",149.858301226971,1.49465438879907,0.127614905995497,11.7122241883861,1.10346378670939e-31,2.68784663321693e-30
"YGL028C",117.577272545512,1.6744182681685,0.144552358713568,11.5834724737102,4.99796645477619e-31,1.19854335099614e-29
"YPR010C",260.696540975463,1.09048398582908,0.0958549425455009,11.3763980956062,5.48173127238869e-30,1.29448364054461e-28
"YBR054W",66.7330085695908,2.29322843494787,0.202263726582092,11.3378136243185,8.52476574487867e-30,2.00542683131423e-28
"YMR250W",199.432982483006,1.23438627232896,0.109426102755705,11.2805467913332,1.63725144402176e-29,3.83699798642525e-28
"YMR272C",186.222156341325,1.27377859000176,0.1142067120721,11.1532725782142,6.90202882477486e-29,1.61142839014649e-27
"YGL255W",136.63658324473,1.50018044678059,0.135269193460331,11.0903333449721,1.39765963691507e-28,3.23869669422978e-27
"YDL048C",206.294368394765,1.236456396978,0.111801289980382,11.0594108278622,1.97389831824618e-28,4.55690630410042e-27
"YKL043W",204.255693721178,1.19893962711993,0.110098571877247,10.8896928150591,1.29074901575099e-27,2.95772746683384e-26
"YNR034W-A",73.9228765981999,2.03867392491463,0.189021670410551,10.7853978884361,4.03493393237659e-27,9.17799126456397e-26
"YBR248C",196.673495616386,1.17933048268793,0.110048588495637,10.7164526034306,8.52090081117851e-27,1.92404428170662e-25
"YHR215W",42.4279024041973,5.249770672592,0.492033200990913,10.6695455957431,1.41315768767948e-26,3.17934785951743e-25
"YER062C",259.253964445559,1.01255686549081,0.0954898442571687,10.6038173312319,2.86060179932094e-26,6.38936582397062e-25
"YGR138C",64.2996297279762,2.19305228041205,0.210668886787006,10.409948587374,2.23342240045979e-25,4.91750334222231e-24
"YOR204W",152.891176020093,1.29573254111887,0.125457445851812,10.3280640883552,5.26116553864779e-25,1.15020604903229e-23
"YJR070C",192.222677243429,1.13883890926317,0.110914929817225,10.2676791225477,9.8546886493514e-25,2.139331883282e-23
"YER064C",247.655883068965,1.01799661072711,0.10069775063184,10.1094275129242,5.01766159696998e-24,1.06681348111523e-22
"YPL092W",125.56754363639,1.38880145305658,0.137586094244015,10.0940539135698,5.86943006208219e-24,1.24363574637337e-22
"YIR034C",121.284858184144,1.40872993905122,0.139635788633904,10.0886023048476,6.20466613634108e-24,1.31017984250997e-22
"YGL186C",183.314188977187,1.15587802444201,0.114715107418561,10.0760749865714,7.04857490076958e-24,1.47828925122242e-22
"YGR157W",180.632077820849,1.15460941929022,0.114667613167288,10.0691850767467,7.56018852065387e-24,1.58023264788127e-22
"YBR069C",209.031395914465,1.0672020062091,0.106221566494819,10.0469428330372,9.47616519184526e-24,1.96741724972975e-22
"YOR290C",105.902929448178,8.3384025805308,0.840542203485203,9.9202664018019,3.39847883508072e-23,6.96238031544518e-22
"YGR208W",122.392486998121,1.40206729767455,0.141623736987995,9.8999456411279,4.16501365640079e-23,8.50460049245931e-22
"YFL054C",187.697088711194,-1.27321787013682,0.129514594899706,-9.8306902872435,8.30475619445664e-23,1.68464021557716e-21
"YKL163W",46.7528886652575,2.48716384502881,0.253153093380563,9.82474206345121,8.80992706789412e-23,1.77547292407365e-21
"YOL130W",193.390898360198,1.08436019403377,0.110946554748597,9.77371669170719,1.45995743148225e-22,2.92322220989666e-21
"YNR067C",117.156899672141,1.39315752664455,0.143005189963376,9.74200675514881,1.99573660939054e-22,3.95757128278823e-21
"YPL240C",188.847330694949,1.11399142770697,0.114868954060539,9.69793306483723,3.07668043589585e-22,6.04095118809882e-21
"YIL101C",110.02183304813,1.41493020801773,0.145904531040134,9.69764405485478,3.08540581128047e-22,6.04095118809882e-21
"YBL101C",201.351068492585,1.04939163974937,0.108742489202493,9.65024478881717,4.90385304178038e-22,9.5409241413507e-21
"YBR115C",198.710494436406,1.05021369752807,0.10908275458812,9.62767855921422,6.10940582024591e-22,1.18121543155817e-20
"YGR035C",41.0101227330078,2.81233316796263,0.293047547554819,9.59684935577403,8.24254620584038e-22,1.58868016746213e-20
"YKR039W",161.958506251895,-1.29452220676505,0.135260382981361,-9.57059397756874,1.0629322717342e-21,2.03602537622894e-20
"YOL052C-A",41.2954160384972,2.65485839653775,0.278179297298347,9.54369509996431,1.3783179434079e-21,2.6238932664199e-20
"YPL095C",84.8085866133477,1.62351254621072,0.170516783070503,9.5211305126455,1.71305192885699e-21,3.24643631564823e-20
"YDR343C",64.7001469766311,1.89464676611138,0.199396451189334,9.50190815739417,2.06078896426597e-21,3.87541073614393e-20
"YLR108C",78.2513107298438,-2.06968272082328,0.218148835163956,-9.48748004667432,2.36686670469532e-21,4.43751645513635e-20
"YOR202W",179.595880199347,1.12847669993249,0.119045477229419,9.4793748254521,2.55811059193774e-21,4.78158013060992e-20
"YHR087W",104.70827417936,1.38913907416764,0.148289567052122,9.36774650963388,7.4097598612424e-21,1.35633681247061e-19
"YOR306C",130.324622952773,1.27049767670286,0.135824774055216,9.3539465501807,8.44369222821697e-21,1.54103610076632e-19
"YHR163W",168.413426012171,1.09359468225492,0.117269501867617,9.32548245569814,1.10479806229941e-20,2.00451190951509e-19
"YGR233C",98.613841166937,1.38470233804444,0.153824159290551,9.00185214358259,2.21941322088189e-19,3.95720737682889e-18
"YOR178C",95.6093486740719,1.42977930913638,0.160022688020087,8.93485371872331,4.07717264352833e-19,7.22792754885667e-18
"YPR184W",141.915834722655,1.17351590199728,0.133143321585498,8.8139298916597,1.20833637439618e-18,2.09411124604739e-17
"YMR056C",75.377052649519,-1.85668070888057,0.213484144169242,-8.69704265909632,3.40645403918144e-18,5.74716447346401e-17
"YIL056W",119.772286009814,1.20561165914406,0.139566476305578,8.63826107140801,5.70750733594225e-18,9.54387780742559e-17
"YNL221C",106.679298457409,1.29487813451661,0.149912267676251,8.63757285903393,5.74198388031423e-18,9.5756480505402e-17
"YEL065W",107.949416664187,1.24888004118876,0.147257566763569,8.48092270323817,2.23415009912276e-17,3.64714687685291e-16
"YDR111C",119.950514848748,-1.31627074630321,0.15571819907652,-8.45290244884221,2.84149079167498e-17,4.61425289451263e-16
"YGR044C",79.8253964255039,1.42740907612004,0.169841170070532,8.40437613287323,4.30142023840107e-17,6.96672434947314e-16
"YER037W",51.9263890940868,1.80860290985915,0.218014950266583,8.29577470557704,1.07879820123304e-16,1.71141653103302e-15
"YDR216W",129.64016222229,-1.23590952145086,0.149936136946205,-8.24290625744405,1.68077257291837e-16,2.63932484991014e-15
"YBR244W",37.254933587772,2.20602657264286,0.268097803802527,8.22843955211119,1.8966797393115e-16,2.97082469547349e-15
"YHL036W",70.2863384251516,1.4745892045688,0.182463443811566,8.08155964704712,6.39436384097934e-16,9.79255670399484e-15
"YDL037C",21.6825508194183,3.62015012720648,0.451640388909553,8.01555887405691,1.09637333479119e-15,1.66256417214537e-14
"YJR010W",107.458190899529,-1.32686895012617,0.166148513834532,-7.98604164132096,1.3934063540892e-15,2.10268417384143e-14
"YMR081C",72.869140197966,1.45633577115443,0.184658758078261,7.88663254486537,3.104497978808e-15,4.63949975721862e-14
"YGR211W",92.8718571642886,1.2001357568607,0.155455705013434,7.72011394986749,1.16225753186072e-14,1.71211603562435e-13
"YMR173W",42.5095903421808,1.86910143296771,0.242974149638005,7.69259378313448,1.44181722484985e-14,2.11888911404893e-13
"YIL011W",48.5412191805631,1.75385621608005,0.229072774633939,7.65632764034369,1.91325238542332e-14,2.80504561815499e-13
"YGL162W",69.0667354751619,1.40637111684478,0.183706658019983,7.65552610886755,1.92522428618427e-14,2.81592497839766e-13
"YML035C",130.154251442197,1.01559190696289,0.133080055550249,7.63143585087715,2.32153353462645e-14,3.35591775204062e-13
"YOR108W",95.1916387517773,1.17311221466011,0.154976546203689,7.56961129536505,3.74342631125528e-14,5.38618106691544e-13
"YDL241W",36.023458354829,2.0068216545561,0.266331254535348,7.53505876753847,4.88114947486285e-14,6.94245328758079e-13
"YNL141W",86.849757077867,1.21769229063174,0.162539624497538,7.49166422892892,6.80057192192317e-14,9.5625314729406e-13
"YJL200C",82.3347202613111,1.20605615640409,0.166408512601455,7.24756286532389,4.24337517492565e-13,5.71977390136492e-12
"YDR274C",37.8636304626062,1.84045362385617,0.255766114943575,7.19584619042359,6.20745735142941e-13,8.27705573993401e-12
"YKR053C",74.696997476116,1.26254865183361,0.176472060556253,7.15438267028767,8.40502993059824e-13,1.11115214061135e-11
"YBR070C",53.9675512911328,-1.76040659674957,0.248946746281785,-7.07141837779614,1.53357999260605e-12,2.01022445217238e-11
"YPL093W",96.7398561778705,1.06922114518835,0.152215534300957,7.02438913412284,2.15004816783203e-12,2.78875220427186e-11
"YJL212C",104.983863869633,1.03172140680126,0.146889905439108,7.02377337446754,2.15954989160481e-12,2.79521656471944e-11
"YPL088W",116.344229857127,1.0026345835317,0.143163111212924,7.00344226272438,2.49748861768205e-12,3.20580126091262e-11
"YBR230W-A",91.8818061070418,-1.21964152737576,0.174790770837587,-6.97772268828217,3.00003071530333e-12,3.82704949187251e-11
"YOR348C",38.5373458612356,-2.22908085589242,0.322197495705818,-6.9183680369995,4.5687609598738e-12,5.76876001198759e-11
"YOL105C",120.780629068731,-1.04619293024693,0.151315743517082,-6.91397276932274,4.71265675203189e-12,5.93833143071717e-11
"YHR128W",99.10961189513,1.07225828794772,0.15548951249397,6.89601678434299,5.3480879450577e-12,6.72532929188456e-11
"YNL248C",75.5044947344097,1.20519760623701,0.174926468221844,6.88973840544569,5.58950771308942e-12,7.01466211376963e-11
"YIL047C",87.5570083916855,1.1185300474636,0.164094594395092,6.81637351667114,9.33673539714399e-12,1.1553276380426e-10
"YPL134C",100.057875684691,-1.13237356044757,0.168013749794735,-6.73976720257129,1.58640600591723e-11,1.93591596816763e-10
"YDR525W-A",53.816506478936,-1.64422041592724,0.244832731104554,-6.715688741899,1.87179967490459e-11,2.2663061817289e-10
"YDR089W",79.704226323699,2.02975288800553,0.304369754669591,6.6687075731586,2.58065865946153e-11,3.08234268843407e-10
"YGR051C",32.7186465734621,-2.46691256333097,0.371097813474544,-6.64760737939566,2.97895650501774e-11,3.55121462361171e-10
"YPR065W",98.6271784973136,-1.11896129478297,0.168591084274558,-6.63713208558938,3.1984501983109e-11,3.80554064941338e-10
"YNL175C",62.8654232295743,1.26452142646501,0.192243421360489,6.57770974692453,4.77749663836309e-11,5.63016603839094e-10
"YNR046W",93.262780517282,1.02074296926733,0.156807636230002,6.50952334853211,7.53896374301865e-11,8.83400921932886e-10
"YPL016W",49.9011242902607,-1.65217762199517,0.255289374104811,-6.47178374653718,9.68526722927982e-11,1.126367450142e-09
"YBL005W-B",16.2689589269773,2.86885712913525,0.455008045656881,6.30506901255684,2.88065512303945e-10,3.21707820329334e-09
"YGL080W",90.8843872174628,-1.08566936059763,0.172225280965501,-6.30377465207967,2.90482752808741e-10,3.23822845338321e-09
"YER042W",76.9707956500991,-1.20053835979303,0.191257865391789,-6.27706660499291,3.45020310349265e-10,3.8323889768957e-09
"YNL225C",36.4571527956003,-1.94306277870402,0.314824951829195,-6.17188303345857,6.74814168801858e-10,7.33756636621634e-09
"YMR122C",29.146601740754,-2.35276707896847,0.384075967977727,-6.125785717228,9.02371828515985e-10,9.72643641642578e-09
"YMR191W",91.1628941820398,-1.07327211503028,0.175418021757157,-6.11836859337111,9.45381934763477e-10,1.01546493583014e-08
"YDR281C",12.1767721811152,4.14445609545824,0.682166563370151,6.07543130666376,1.23654906343882e-09,1.32133489732227e-08
"YOR120W",71.1913256776946,1.09095602136156,0.180280420030747,6.0514393142389,1.4355736463118e-09,1.52609865115654e-08
"YPL230W",82.3289264380056,1.0034186978007,0.166749629812971,6.01751679404715,1.77112945103449e-09,1.86970050942544e-08
"YER079W",96.046184787046,-1.0257128909787,0.170461691837786,-6.01726335061129,1.77390366741996e-09,1.86970050942544e-08
"YDL060W",73.4659774940082,1.05999971184983,0.176836572344786,5.99423353322581,2.04447396345944e-09,2.15121775712986e-08
"YAL025C",66.2568078543893,1.09773971946529,0.184498367945193,5.94986140902549,2.68369631571962e-09,2.79529109517799e-08
"YAR071W",13.1179184903937,3.17710969901144,0.538623560352441,5.8985717166411,3.66661593768497e-09,3.78089213440949e-08
"YHL040C",67.9782016859052,1.08572017918497,0.184309588657861,5.89074169765752,3.84466101788564e-09,3.94476247390687e-08
"YML055W",53.7357448128486,-1.39579311604615,0.238668012057207,-5.8482622116599,4.96735091641918e-09,5.02995091978485e-08
"YMR015C",63.5471203078932,1.15688854356513,0.199380461180601,5.80241683018885,6.53658189382301e-09,6.543985789172e-08
"YLR213C",35.6651928960468,-1.78218914343904,0.307871189397364,-5.78874933678448,7.09124269026235e-09,7.07637395558922e-08
"YOR092W",71.735807002532,1.02909487878503,0.177797382584201,5.78802040743019,7.12207604440544e-09,7.09569798498171e-08
"YPL056C",41.1179358466765,1.39990289741491,0.24192619828128,5.78648739723212,7.18734764618726e-09,7.14921541591006e-08
"YDL167C",40.7523511280745,1.36211416439419,0.238233094436718,5.71756903722716,1.08058778326644e-08,1.05451050710875e-07
"YLR151C",61.3865043132096,-1.23404610573991,0.216489533784425,-5.70025757905112,1.19626536604405e-08,1.16007740120917e-07
"YML116W",66.8808357832249,1.03170213462418,0.181588673386591,5.6815335195921,1.33492344683684e-08,1.28447455141206e-07
"YOR340C",56.8396932952225,1.11614179739628,0.198532975434682,5.6219466562294,1.8881757479135e-08,1.80838132389177e-07
"YHL048W",58.2137488395391,-1.24040880366963,0.221652660067745,-5.59618279920718,2.19122664467513e-08,2.0839206362758e-07
"YNL188W",48.395735237017,-1.40175302893843,0.251562656988921,-5.57218247619386,2.51567718373591e-08,2.38353671298225e-07
"YIR042C",32.0394603111753,-1.83307423925019,0.329525600384659,-5.56276731492311,2.6552983944194e-08,2.51197724254937e-07
"YPR061C",43.8024525738144,-1.48500885475944,0.268350407785078,-5.53384236311199,3.13290563420849e-08,2.92357272380813e-07
"YLR076C",35.6040891497391,-1.66731829918421,0.303128242670641,-5.50037266239097,3.78989374490146e-08,3.51019050893792e-07
"YMR045C",11.9573218169028,2.8984676421285,0.528081598142922,5.48867381920028,4.04962643455666e-08,3.72288837304637e-07
"YLL052C",12.6551782208584,2.75872522761575,0.503341289438527,5.48082441377517,4.23348474378524e-08,3.88613799848654e-07
"YBL084C",74.1214633857369,-1.03381431560489,0.190557381631409,-5.42521264069724,5.78855864356771e-08,5.24360356189654e-07
"YLR312C",34.390357695724,-1.65656897423228,0.306727205363119,-5.40078918748387,6.6348359440631e-08,5.98392565392396e-07
"YBR014C",77.2266496056761,-1.01285262153887,0.18805307285366,-5.38599346540351,7.20455802997997e-08,6.46946306697911e-07
"YNL024C",36.2083827049354,1.36720147688163,0.255813774332491,5.34451860713576,9.06576635644681e-08,8.07048869745848e-07
"YJL077C",40.0669766505646,-1.43888706527253,0.274311447221018,-5.24545030785095,1.55901076410115e-07,1.36237282450478e-06
"YAL054C",64.4150915067555,-1.09166167554638,0.208589718443385,-5.23353539998509,1.66298139435686e-07,1.44913604040646e-06
"YIL113W",44.8109164802811,1.18256233760628,0.226266900198052,5.22640446557222,1.72838057061796e-07,1.50189474584457e-06
"YPL025C",16.6004130591694,-3.61190576585056,0.692655471692013,-5.21457768467118,1.84236482210238e-07,1.59422533627237e-06
"YGL236C",47.0865171371059,1.14087973621038,0.22005152112898,5.18460281645437,2.16475698007895e-07,1.85872631896355e-06
"YDR259C",28.8338015498865,-1.77233055200037,0.342272260407334,-5.17813085375701,2.24120015726287e-07,1.91523554875489e-06
"YDL067C",68.0071560984968,-1.03255258990006,0.199455818988968,-5.17684866319782,2.25665119171701e-07,1.9257794376763e-06
"YGR177C",23.4050838777609,1.68397261956227,0.329111216918823,5.11672812409075,3.10881228841309e-07,2.59921913897456e-06
"YNR053C",34.8613568850273,1.31236666166853,0.257552775422475,5.09552521620393,3.47775723922072e-07,2.88043963039606e-06
"YIL119C",32.0117697759706,1.37246555339875,0.269363321106333,5.09522064014412,3.48335326866874e-07,2.8812174696863e-06
"YJL106W",41.2692870017985,-1.36298400782865,0.269085453237599,-5.0652459708595,4.07873352664927e-07,3.33797940864802e-06
"YKL066W",26.7831210688011,-1.78666861096684,0.355070412500913,-5.03187127979088,4.85715355079003e-07,3.94696852987708e-06
"YDL206W",50.5595603488666,-1.1714081106843,0.235495882125786,-4.97421908234733,6.5511187612165e-07,5.25703914081018e-06
"YGR096W",52.7923434424468,-1.12907826851903,0.22829984169609,-4.94559374255741,7.59121282399775e-07,6.06023661188052e-06
"YLR346C",12.2370447117971,2.39368667641942,0.484275591492675,4.94281916840242,7.70008999324254e-07,6.13923412218963e-06
"YPR015C",22.4541996359715,-1.99058717403645,0.4028564413565,-4.94118244040914,7.76502066162305e-07,6.18303511370165e-06
"YOL014W",32.7878746120612,1.30208360004493,0.264426405795479,4.92418144144056,8.47142076792602e-07,6.71957439630235e-06
"YGR087C",15.7286776691405,-2.77290531845261,0.577973996264078,-4.79762988711633,1.60554095568018e-06,1.22635578923374e-05
"YKL108W",39.4460260270824,-1.31822096935398,0.275170707536625,-4.79055703695685,1.66318935599356e-06,1.26882275530606e-05
"YOR100C",17.3386693522501,-2.4013123836967,0.50155886092635,-4.78769805653841,1.68705214763581e-06,1.28544231987965e-05
"YGR067C",30.2762401931604,-1.53315140255124,0.321347190091829,-4.77101231883535,1.83302328182802e-06,1.38811689653243e-05
"YIL026C",55.5735709882862,-1.05478005014315,0.221197098941035,-4.76850761240918,1.85595661292098e-06,1.40376571688778e-05
"YJR150C",8.48037875101929,2.94151575011785,0.639327363525202,4.60095393680408,4.20560433128101e-06,3.04684707232267e-05
"YOR083W",37.5176330983457,1.15062845627065,0.251389401852282,4.57707623230182,4.71519668723802e-06,3.40407490127674e-05
"YMR292W",37.3191660414619,-1.2973636871567,0.283942644864389,-4.56910474922259,4.89811948035794e-06,3.53201226398305e-05
"YFL053W",17.7915931933462,1.67549359421755,0.368374031814818,4.54834882351268,5.40684625904939e-06,3.88076076621097e-05
"YLL053C",13.8854138911018,1.96494126434666,0.432527680487155,4.54292604379343,5.54787193964488e-06,3.97276431603968e-05
"YHR070W",30.9040337994354,1.27500446486634,0.280682529014728,4.54251452465515,5.55871652383274e-06,3.97592822346279e-05
"YJL069C",36.6301699915485,1.12229200227145,0.248801591656685,4.51079108778398,6.45863055952596e-06,4.59833685521141e-05
"YGR110W",19.2334578462624,-1.92349891502044,0.43118032882674,-4.46100804332694,8.15750281816233e-06,5.71579500973616e-05
"YLR290C",41.7648039590461,-1.13867216536897,0.258474162835104,-4.40536165347945,1.05607535638825e-05,7.3415036291844e-05
"YOL152W",23.9160029571253,1.38236123871832,0.315365314352826,4.38336486545809,1.16860148443456e-05,8.03348598244067e-05
"YKL037W",27.8764443701307,-1.43357722064722,0.328885205964475,-4.35889846867138,1.30718737274681e-05,8.92667580042444e-05
"YDR079W",21.5229310435609,-1.72039147795542,0.395475477738127,-4.35018496670131,1.3602274563902e-05,9.24805194800677e-05
"YGR079W",11.7957454567578,2.06139106229433,0.475861890900557,4.33191037507372,1.4782111734765e-05,9.99529238284057e-05
"YCR097W",30.4987429150676,-1.36404193720823,0.317605258043614,-4.29477126924933,1.74873537670503e-05,0.000117220214254323
"YDR119W-A",10.7172268417326,2.1642730348852,0.505527956440538,4.28121334796995,1.85877045713415e-05,0.000124192363048477
"YJR078W",16.5331573977984,-2.02411259211376,0.474124046854827,-4.26916248087607,1.96208306472432e-05,0.000130812585360446
"YCR025C",14.5810594956937,-2.26731446558844,0.531909538984115,-4.26259410560438,2.02067357413568e-05,0.000134284719690413
"YOR154W",34.8856568383998,-1.21016526928424,0.286936312231808,-4.21753963404458,2.46982418145084e-05,0.000162216583977031
"YPR064W",10.7620865031997,-3.73349811488283,0.889746980909713,-4.1961346258973,2.71508898324486e-05,0.000176452264068655
"YLR112W",22.1816148118662,-1.59136313998364,0.379617185430154,-4.19202080690954,2.76480631781631e-05,0.000178931555317254
"YLR136C",38.0481450901042,1.04583704525971,0.24958577763543,4.19029103007367,2.78596889965569e-05,0.000179549891480935
"YJL103C",35.2579067309699,-1.18178363366331,0.282823482277507,-4.17852019976101,2.93411940818997e-05,0.000188508793130544
"YJL170C",23.5252264405815,-1.54043688026326,0.368846319855632,-4.17636505324545,2.96204329713583e-05,0.000190105413686508
"YGL184C",31.8559731228911,1.1248035511665,0.269702027737543,4.17054169226004,3.0387645197712e-05,0.000194827316930823
"YDR076W",28.3679852848049,-1.34048726963419,0.322011089671277,-4.16286057415792,3.14285289388429e-05,0.000200669049065657
"YDR123C",29.5160004814485,-1.29898100794673,0.316242464106343,-4.10754770589543,3.99882201366241e-05,0.000249654004021487
"YIL020C",29.4827734956848,1.15299622157319,0.28218198680062,4.08600220958774,4.38869602997555e-05,0.000272619099773682
"YLR342W-A",15.2879571958718,-2.03038838955095,0.497010137528532,-4.08520518242829,4.40378839854913e-05,0.000273282234923004
"YBL044W",10.7231201989349,-2.91621451619328,0.718728877353751,-4.05746117636226,4.96090607158659e-05,0.000303591749405601
"YKL042W",41.4041097912647,-1.03857262196322,0.25612488673298,-4.05494614447981,5.01458548676466e-05,0.000306573521804476
"YLR326W",34.7075042884476,-1.14861313641795,0.284885130419782,-4.03184657172332,5.53403124918263e-05,0.000336336457158084
"YOR376W",8.51647617112549,-4.93780372030976,1.22867275512939,-4.01881111117319,5.84925382775726e-05,0.000353756925047255
"YKR097W",22.0862540380287,-1.49878520658005,0.373112822588897,-4.01697587389389,5.8949756621073e-05,0.00035617396895955
"YDR383C",38.3884747916335,-1.08742767886199,0.270978573119152,-4.0129655505413,5.99606667299836e-05,0.000360872222819464
"YJR048W",24.1413649542764,1.27269665212644,0.317379371140003,4.01001693196067,6.07143939054182e-05,0.000364684724266981
"YDR018C",21.1560932234819,-1.59256557003483,0.39736386444836,-4.00782686227825,6.12800171384505e-05,0.00036667259771334
"YOR114W",18.8709475226351,-1.67003557443932,0.41941171094381,-3.98185251117858,6.83802095011096e-05,0.000405237889064526
"YGR050C",22.639611848172,-1.46668528946738,0.369455495521426,-3.9698564705267,7.191593988669e-05,0.000424160076338371
"YLR227W-B",6.53924216942258,2.92428558771249,0.738341233104364,3.96061530441325,7.47568844043549e-05,0.000438824329990269
"YNL303W",9.81230986813172,-3.13379446558705,0.793354722692927,-3.95005459216256,7.81333700765196e-05,0.000456048264776817
"YNL259C",34.4022757301246,-1.12839011812206,0.287036765385425,-3.93116929326767,8.4533718024682e-05,0.000489251743141916
"YBR085W",26.4583322766488,1.1657914950992,0.298280961730614,3.90836709233912,9.29220426725105e-05,0.000536796151274344
"YDL009C",20.5695249251079,-1.54214962158774,0.396055107632762,-3.89377536576976,9.86960502239428e-05,0.000567502288787671
"YBR111W-A",37.6369758268484,-1.04350111003433,0.268221943762674,-3.89043899762964,0.000100063030547468,0.000573762715474687
"YBR247C",24.1088448942461,1.20683812587995,0.310404844888209,3.88794874098884,0.000101094968842402,0.00057860737486396
"YDR078C",21.6569751888567,-1.4595008686305,0.376746861050101,-3.87395628078349,0.000107082631141902,0.000609494239995351
"YPR158C-D",5.20352721328721,3.45531680897012,0.892715081260598,3.8705706686291,0.000108580874211276,0.000616886931813739
"YMR036C",36.3673576396521,-1.05942561444258,0.273973413970068,-3.86689204288386,0.000110231195342117,0.000625114945537744
"YDL227C",14.0178580721647,1.59795739886493,0.41332595108794,3.86609501450092,0.000110591867170504,0.000626012700991682
"YIL099W",32.5640444002288,1.01908172026268,0.264101043491787,3.85868115774549,0.000114000549221316,0.000644135409068626
"YDL127W",30.3753046058241,-1.1837533002197,0.307296475338023,-3.85215384887701,0.000117083419945801,0.000660341950049836
"RUF21",4.13117660397891,-4.89923816138369,1.28214317003455,-3.82113189531843,0.000132840579718337,0.000737637335225256
"YGR230W",25.2285283982144,-1.30287650950636,0.341483494877124,-3.81534255403816,0.00013599414501852,0.000753935231551843
"YPR044C",9.3601032395745,-3.06093682372955,0.80316527179755,-3.81109210172761,0.000138354203331591,0.000765650676218742
"YBR168W",34.8964049636004,-1.06294793497368,0.280672384023994,-3.78714827491832,0.0001523861722845,0.000834348007012569
"YLR111W",8.87442854529515,-4.06059173563541,1.07734741457089,-3.76906435260975,0.000163860640431389,0.000886193865689689
"YDR536W",22.5721847350721,-1.37877730365333,0.365954363212821,-3.76762089007119,0.000164810735511004,0.000889776632291954
"YMR244W",12.1677464592638,-2.13091818015778,0.567192162771092,-3.75695984540213,0.000171990081064968,0.00092691866859665
"YIL079C",24.4234733615816,1.14291144537983,0.304529578003321,3.75303920516832,0.000174703519333583,0.000939904934014676
"YOR032C",23.6063313332594,1.16194334783207,0.310779728011616,3.7388003241596,0.000184900512542219,0.000989957337036077
"YML122C",8.83530850009171,-2.9633658899546,0.800056176599422,-3.70394726849077,0.000212270401573646,0.00112731070775635
"YOR075W",37.933936555669,-1.01990456438112,0.277992024785769,-3.66882670525205,0.000243666169987207,0.0012786790447081
"YPR143W",20.1918335258686,-1.41139255053204,0.385105532451185,-3.66495007627797,0.000247386835075489,0.00129490892437568
"YPL142C",8.72603002109285,-2.94381012308554,0.803490304504294,-3.66377802766606,0.000248522179262014,0.00129975209052754
"YBR156C",31.2551472624811,-1.07920793917776,0.296267984225991,-3.64267486410057,0.000269819562929189,0.00139696538564259
"YFL014W",10.2383149659097,1.88755285374175,0.522508781914542,3.61248063013506,0.000303281767559911,0.00154309563807004
"YCR072C",16.0137201676713,1.37210782546639,0.381352358328477,3.5980053499093,0.000320667024494965,0.0016243910648687
"YPL018W",20.5856991085925,1.25443164621482,0.348681719399644,3.5976409901118,0.000321116436487554,0.00162448682955723
"YLR273C",22.2419531581885,-1.34817972031498,0.376410014815695,-3.58167866754316,0.000341393540490268,0.0017200340676004
"YDR374W-A",18.8329684901793,-1.45917473591006,0.408302570508562,-3.57375838729739,0.000351893657784031,0.00176574700787494
"SCR1",23.9475760598921,1.09951526904754,0.307934736363396,3.57061136405863,0.000356148992354283,0.00178276198680902
"YCL048W",9.54784336428784,-2.41981364102238,0.678412607008349,-3.5668759926105,0.000361262329704035,0.00180397904267866
"YEL033W",30.5321421573587,-1.08517991954529,0.304898692737384,-3.55914913836636,0.000372058220439725,0.00185191006424825
"YKR045C",28.0146260809516,1.02415766940125,0.287849809755343,3.55795847241215,0.000373748383142847,0.00185882736857298
"RUF20",15.526913087094,-1.64201664140707,0.461695395822408,-3.55649342892446,0.000375837876581951,0.00186322831924081
"YNL054W-B",13.6412868314969,1.48375981603788,0.417370576871407,3.55501776660942,0.000377953549578161,0.00187221666232192
"YOL034W",30.2188640479897,-1.06410728718908,0.302461673928941,-3.51815578273588,0.000434557177266635,0.00212706112005433
"YAL037C-A",3.26211779091044,-4.55838919343003,1.31096676959313,-3.47712032002518,0.000506830318776328,0.00245172727307986
"YKL162C",23.3305918078829,-1.21412924730335,0.357368931798377,-3.39741130039906,0.000680266372946171,0.00318849094652876
"YPR020W",24.1493419436925,-1.14490908487366,0.340154061239308,-3.36585452104358,0.000763069409520231,0.00353906329587831
"YBL039W-B",17.370628231659,-1.40355951011694,0.419111875214031,-3.3488898624029,0.000811360416809549,0.00374618425283633
"YOL084W",19.2308134473552,-1.31192491678988,0.391779311137061,-3.34863245581366,0.000812114513199671,0.00374686986813301
"YHR095W",2.93977723908541,-4.40763838428895,1.32795247185046,-3.31912359645452,0.000903004519795477,0.00413231432246643
"YDR323C",17.2648752274629,-1.39205078666018,0.422311757651842,-3.29626339176615,0.000979801080372496,0.00446722865457968
"YOR064C",25.7710864398998,-1.07988955698343,0.327871698017075,-3.29363456350293,0.000989009890068769,0.00450589410151361
"YOL114C",17.8552391013716,-1.35600577086066,0.411796253752982,-3.29290458206564,0.000991581200673611,0.00451428468621607
"YKL061W",24.9991642630633,-1.07906758330735,0.331981237102008,-3.25038725901183,0.00115247953907482,0.00518573884236794
"YGR225W",8.57291436484303,-2.23118200392518,0.687653136493434,-3.24463291958894,0.00117602117181231,0.00526867703837997
"YGR030C",16.6032538234213,-1.41954070229313,0.438100838713867,-3.24021452791663,0.00119439801991996,0.00533170313798325
"YDL214C",17.6498137975968,-1.3310514429717,0.411688252064401,-3.23315381553196,0.00122431623058574,0.00546131544241813
"YOR337W",22.4647333772937,-1.13723633424534,0.352104672967964,-3.22982459920041,0.00123866184068306,0.00551735119388489
"YDR285W",21.2905248739045,-1.18144435059028,0.366297214712573,-3.22537082766884,0.00125809594510074,0.00559585881548403
"YLR313C",17.5330413148087,-1.31769524216774,0.408902301422932,-3.2225185272431,0.00127068947654461,0.0056437586442078
"YIR027C",11.2086491458033,-1.79446023337476,0.558052870412489,-3.21557387931428,0.00130183980504807,0.00574909555591179
"YLL002W",26.7410003434896,-1.02975629021783,0.320525264960273,-3.2127148864395,0.00131486746086442,0.00580248572066205
"YIR028W",19.3446399171673,-1.23593170937073,0.386296186661992,-3.1994406158924,0.00137694550644001,0.00604195875769103
"YDR003W-A",24.7829875037385,-1.06125708104314,0.33215176591192,-3.19509691038211,0.00139783894557821,0.00612061539723453
"YDR222W",17.5086324324729,-1.31826577789195,0.412719759226974,-3.19409417266833,0.00140270351374329,0.00613323437422596
"YLR145W",26.7510128025954,-1.02966890145597,0.323820596027408,-3.17975111554923,0.00147401592924167,0.00642234968606916
"YDR504C",8.46667235682776,-2.21143848315349,0.696096667305074,-3.17691290164488,0.00148851732277083,0.00646731508144884
"YAR009C",3.93190639306749,3.01121943490317,0.948866190296917,3.1734921801365,0.00150616959057506,0.00653025315829565
"YCL037C",3.58631082007351,3.32280117648369,1.04727866473581,3.17279563536408,0.00150978758474003,0.00654135559298779
"YCL027W",19.2625856007254,-1.22494951541405,0.386443875894353,-3.16979926924479,0.00152544279538179,0.00658153038704822
"YDR031W",17.394450333947,-1.30637629106963,0.41222354091966,-3.16909676763034,0.00152913475050686,0.00659286181281249
"YPR012W",12.252953163981,-1.61919064458008,0.511507380095617,-3.16552743437915,0.0015480206306821,0.00666499905499664
"YHR180W",27.2836609390579,-1.01842346988311,0.322991818527377,-3.15309370536514,0.00161549939877899,0.0069362212215445
"YOL163W",10.9948636990431,-1.75832484100398,0.558479538498047,-3.14841407750184,0.001641589751546,0.00703847248289333
"YMR141C",21.545954262836,-1.12693679505616,0.359255649505181,-3.13686589649553,0.00170764213656961,0.00728633234410769
"YER067C-A",9.29490180702895,1.6189626413961,0.517655949354299,3.12748775207842,0.00176307165655555,0.00747643888903989
"YIR032C",8.26681435358591,-2.16328555969008,0.696547591140834,-3.10572541948923,0.00189812882573005,0.00797265651377583
"YPR158W",22.8277643963777,-1.09666003290889,0.353778361242712,-3.09985050825795,0.00193618337773045,0.0080885662106808
"YNL279W",24.4844756824964,-1.03188119734917,0.336673494748813,-3.06493149429253,0.00217719860585773,0.00892665856490507
"YPL062W",7.45563721748113,-2.30435272256632,0.752412475352281,-3.06261897304058,0.00219409237449544,0.00897214112425861
"YJR094C",14.5713663451024,-1.39534651562351,0.459514376313297,-3.03656770614759,0.00239288361776628,0.00970168475958059
"YHR093W",2.39267583232602,-4.11111165113609,1.3620408179496,-3.01834687841802,0.00254157804401751,0.0102308024452416
"YOL162W",9.29024167652491,-1.86028623436522,0.617323852559295,-3.01346890558799,0.00258279507218851,0.0103764630595002
"YPR014C",12.4984081540855,-1.50323945948671,0.502194764688927,-2.99333956700615,0.00275942543560908,0.0110145581742667
"YPL113C",17.446489184339,-1.20986302790825,0.406150162936926,-2.97885643861267,0.00289326300411109,0.0114527307782696
"YLR307W",7.80990366361504,-2.06730815056739,0.695906502085546,-2.97066939936891,0.00297151473579252,0.0117399499810654
"YDR261C-D",5.23874789658823,2.12420030434922,0.717387758519873,2.96102112019852,0.00306620911910204,0.0120678344910205
"YLR341W",8.50474259336035,-1.94004908197789,0.655683308455763,-2.95882029778524,0.00308819128108775,0.0121158144933988
"YHR175W-A",12.3828873696707,-1.48502366210497,0.503998176814205,-2.94648617876332,0.00321406782328715,0.0125618683655575
"YKL170W",6.80094312540171,1.79078867641634,0.609765412079409,2.93684856658141,0.00331565968788505,0.0129018782949338
"YCL058C",6.4517434792728,-2.43853747108162,0.830856621815743,-2.93496784770454,0.0033358225143293,0.0129640288292433
"snR19",17.3535457803343,-1.19472676815196,0.407215227701782,-2.93389511707283,0.00334737300153944,0.0129844493796392
"YHR085W",16.1847901202943,1.1120306831608,0.379580975382015,2.92962702369801,0.00339369075888142,0.0131065947098623
"YDR040C",19.5658842812955,1.00020305788788,0.342243284760258,2.92249140429016,0.00347243205663148,0.0133689714588544
"YHL018W",6.42033529352206,1.8273374818683,0.62910389378725,2.90466725752975,0.00367643713683311,0.0140321508732797
"YKL078W",10.8289167624973,1.35276007553377,0.466944609234476,2.8970461351969,0.00376694355173777,0.014324572682607
"YBR191W-A",3.8488117074941,-3.7366253969489,1.30226221058786,-2.8693341222442,0.00411337024819679,0.0154990388097403
"YMR294W-A",10.3454110841555,-1.64459653145535,0.57412418926951,-2.86453098857908,0.00417627289730857,0.015678762388136
"YDL210W",12.1816863819066,-1.45127147517985,0.509028734979664,-2.85106001970169,0.00435737436341166,0.0161722106697228
"YNL146W",11.7134828643344,-1.52926510074214,0.538392106145901,-2.84043001984082,0.00450527566445861,0.0166371792400718
"YNL133C",13.3508584610785,-1.34698097407506,0.475120946777876,-2.83502755079494,0.00458217338647987,0.0168649058549381
"YDL098C",18.16664984191,-1.10313705829672,0.39155540565609,-2.8173204669421,0.00484261799909996,0.0176762699471572
"YKR104W",6.79213050273889,-2.1430287951362,0.765971754598556,-2.79779088754958,0.00514534126159042,0.0186056261750204
"YEL073C",13.2339501087446,1.2442333259609,0.444886278456072,2.79674466535329,0.00516203104063579,0.0186550736264098
"YDR379C-A",11.2764404515596,-1.45640836683043,0.521130854614123,-2.79470761313651,0.00519466738591048,0.0187511126701448
"YOR318C",7.38418394792735,-1.96391145593557,0.703049862247387,-2.79341702686304,0.00521544069332923,0.0188137568755419
"YLR042C",11.2856993420668,-1.456215086265,0.521333243453892,-2.7932519258074,0.00521810357175205,0.0188137568755419
"YDL244W",4.85409284884293,-3.1150361466265,1.12467157573955,-2.76972959379554,0.005610284808101,0.0199832078916067
"YOR177C",6.91290820573264,-2.17192854088797,0.784928835647585,-2.76703879670324,0.00565680227512763,0.0201026052132192
"YHR007C-A",6.00252925128132,-2.31788201401888,0.839055495142833,-2.7624895223698,0.00573624028438557,0.0203615138493939
"YDR344C",7.94204835632838,-1.81923944781853,0.66217950950216,-2.74735086439971,0.00600788249990885,0.0212030994653595
"YGR025W",4.74597236840725,-3.07996255147546,1.12554526630614,-2.73641819985028,0.00621120350742892,0.0218469108018549
"YHR032W-A",13.8914693444932,1.13069699313701,0.414252274232498,2.72948892129053,0.00634325804360234,0.0222355453347126
"YOL091W",4.73430343276307,-3.07880199255481,1.12867553563635,-2.72780076766611,0.00637581036714187,0.0223117300574133
"YDL085W",15.4308667793141,-1.16115065666609,0.425753567928216,-2.72728344313457,0.00638581587922004,0.0223341112745813
"YGR153W",19.5469198972772,-1.08315646263041,0.397553691388028,-2.72455390578479,0.00643884184630782,0.0224814415931752
"YAL067C",6.57527132983574,-2.08535302168745,0.771977075959975,-2.70131469784159,0.00690659542747012,0.0237923752281501
"YBR032W",13.5576013885082,-1.25487092871441,0.468664093086864,-2.67754869046864,0.00741630723726667,0.0253226781881727
"YMR133W",17.7104383413476,-1.05231551131857,0.393703051199542,-2.6728660296443,0.00752062783649264,0.025622315211663
"YDR218C",3.29116951718968,-3.49665865734169,1.31056740686294,-2.66804945631261,0.00762930267847249,0.0259069679866681
"YLR275W",17.8515742374974,-1.06692083164048,0.400657183527837,-2.66292699970112,0.00774642173386801,0.0262470488868792
"YMR244C-A",7.74421725270753,-1.76643769583111,0.665477362001728,-2.65439186468753,0.00794515002745214,0.0268029679497527
"YPL124W",18.9073772696846,-1.00758577707045,0.380784026465932,-2.64608204924426,0.00814300626488729,0.0272918633590778
"YCL036W",10.3363744902753,1.25786638331091,0.476056502699494,2.64226279061022,0.00823541301264958,0.027541892059061
"YMR193C-A",5.78810996997914,-2.25560396528032,0.85422428332395,-2.64052896799344,0.00827767158188566,0.0276682626024455
"YIL014C-A",11.8774565032692,-1.25352224660741,0.493841793862909,-2.5383073328042,0.0111390117095586,0.0357639156445456
"YAL037W",7.40874504665959,-1.68829247273895,0.669589894390191,-2.5213828447583,0.0116894593604163,0.0371647919131016
"YNR072W",9.22779871500459,1.26141877621994,0.501482680085693,2.51537854907448,0.0118904636892295,0.0376498568531918
"YEL045C",13.36204455478,1.05453413889591,0.419191846012221,2.51563609580603,0.0118817793501058,0.0376498568531918
"YOR390W",2.96408198685312,-3.33281282581986,1.32675752963597,-2.51199842576684,0.0120049624205498,0.0379727517872911
"YBR184W",4.67734178776992,-2.38108436450885,0.969168920736443,-2.45683111949105,0.0140168562267054,0.043451520841233
"YGR144W",12.2556301054864,-1.1727984454218,0.482218430003583,-2.43208963500853,0.0150119917388236,0.0461396884690022
"YBR299W",7.19106278987331,-1.62913796771389,0.672958766651132,-2.42085852573261,0.0154839020389153,0.0473314732780481
"YIR005W",8.55709480978274,-1.48156315291069,0.612629390672932,-2.41836773662344,0.015590312181833,0.0475742767599283
"YLR408C",14.0691533456406,-1.08382610676329,0.448436989394745,-2.41689720606261,0.0156534370147692,0.0477317963579975
"YKL178C",3.99791210089454,-2.79482841220502,1.16132076445384,-2.40659471332144,0.0161020281316695,0.0488349255150192
